FieldName;Worksheet
[Calculation_0060522110001578];Calculated Fields
[Calculation_0060522110001578];Calculated Fields v2
[Calculation_0060522110001578];Custom Bins
[Calculation_0060522110001578];Parsing Dates/Strings
[Calculation_0210523080923151];Calculated Fields
[Calculation_0210523080923151];Calculated Fields v2
[Calculation_1700522110136211];Calculated Fields
[Calculation_1700522110136211];Calculated Fields v2
[Calculation_1700522110136211];Custom Bins
[Calculation_1700522110136211];Parsing Dates/Strings
[Calculation_1860522113029566];Calculated Fields
[Calculation_1860522113029566];Calculated Fields v2
[Calculation_2220522134708424];Calculated Fields
[Calculation_2220522134708424];Calculated Fields v2
[Calculation_2220522134708424];Custom Bins
[Calculation_2270522113840541];Calculated Fields
[Calculation_2270522113840541];Calculated Fields v2
[Calculation_2270522113840541];Custom Bins
[Calculation_4370522112206350];Calculated Fields
[Calculation_4370522112206350];Calculated Fields v2
[Calculation_4370522112206350];Custom Bins
[Calculation_4400522112349281];Calculated Fields
[Calculation_4400522112349281];Calculated Fields v2
[Calculation_5470522111243076];Calculated Fields
[Calculation_5470522111243076];Calculated Fields v2
[Calculation_5470522111243076];Parsing Dates/Strings
[Calculation_5610522111702202];Calculated Fields
[Calculation_5610522111702202];Calculated Fields v2
[Calculation_5610522111702202];Custom Bins
[Calculation_8280522114313236];Calculated Fields
[Calculation_8280522114313236];Calculated Fields v2
[Calculation_8280522114313236];Parsing Dates/Strings
[Customer Last Name ProperCase (copy)];Calculated Fields
[Customer Last Name ProperCase (copy)];Calculated Fields v2
[Aggregated Profitable? (copy)];No Aggregation in Calculated Field
[Aggregated Profitable? (copy)];Table Calculation - Cell
[Calculation_1670524163029162];Reference Line/Distribution (Bullet Chart)
[Calculation_5870522145230655];Two-Pass Table Calc
[Calculation_6900522180956613];Aggregation Within Calculated Field
[Profit (bin) 2];Binned Measure/Histogram
